{"mean": 0.11268836484232451, "std_dev": 0.010960948323496466}