{"mean": 0.07389791500463616, "std_dev": 0.0007162388161052997}